Time,forward,right,left_speed,right_speed
410706552,0,0,10.265547,-2.6392467
Time,forward,right,left_speed,right_speed
410700940,0,0,-0.0000057145267,0.000010000422
Time,forward,right,left_speed,right_speed
410706552,0,0,4.373427,-7.653497
Time,forward,right,left_speed,right_speed
410712160,0,0,4.376547,-7.6589565
Time,forward,right,left_speed,right_speed
410717772,56,56,4.373427,-7.653497
Time,forward,right,left_speed,right_speed
410723380,56,56,3.8294783,-7.6589565
Time,forward,right,left_speed,right_speed
410729004,56,56,3.8185835,-7.637167
Time,forward,right,left_speed,right_speed
410734608,56,56,3.8322115,-7.664423
Time,forward,right,left_speed,right_speed
410740212,56,56,4.37967,-7.1169643
Time,forward,right,left_speed,right_speed
410745820,56,56,4.9236145,-7.6589565
Time,forward,right,left_speed,right_speed
410751432,56,56,4.9201055,-7.1068187
Time,forward,right,left_speed,right_speed
410757040,56,56,6.017751,-7.6589565
Time,forward,right,left_speed,right_speed
410762652,56,56,4.9201055,-7.653497
Time,forward,right,left_speed,right_speed
410768260,56,56,4.376547,-7.111888
Time,forward,right,left_speed,right_speed
410773872,56,56,4.9201055,-7.653497
Time,forward,right,left_speed,right_speed
410779480,56,56,4.9236145,-7.111888
Time,forward,right,left_speed,right_speed
410785092,56,56,4.373427,-7.653497
Time,forward,right,left_speed,right_speed
410790700,56,56,4.9236145,-7.6589565
Time,forward,right,left_speed,right_speed
410796312,56,56,4.373427,-7.1068187
Time,forward,right,left_speed,right_speed
410801920,56,56,3.8294783,-7.6589565
Time,forward,right,left_speed,right_speed
410807532,56,56,4.9201055,-7.653497
Time,forward,right,left_speed,right_speed
410813140,56,56,3.8294783,-7.6589565
Time,forward,right,left_speed,right_speed
410818752,56,56,4.373427,-8.200176
Time,forward,right,left_speed,right_speed
410824360,56,56,3.28241,-7.111888
Time,forward,right,left_speed,right_speed
410829972,56,56,4.9201055,-8.200176
Time,forward,right,left_speed,right_speed
410835580,56,56,4.376547,-7.111888
Time,forward,right,left_speed,right_speed
410841192,56,56,3.8267486,-6.5601406
Time,forward,right,left_speed,right_speed
410846800,56,56,4.376547,-7.6589565
Time,forward,right,left_speed,right_speed
410852412,56,56,4.373427,-7.653497
Time,forward,right,left_speed,right_speed
410858020,56,56,4.376547,-7.6589565
Time,forward,right,left_speed,right_speed
410863636,56,56,3.8240232,-7.101757
Time,forward,right,left_speed,right_speed
410869240,56,56,4.37967,-7.664423
Time,forward,right,left_speed,right_speed
410874852,56,56,3.8267486,-7.653497
Time,forward,right,left_speed,right_speed
410880460,56,56,3.8294783,-7.111888
Time,forward,right,left_speed,right_speed
410886072,56,56,4.373427,-7.653497
Time,forward,right,left_speed,right_speed
410891680,56,56,3.8294783,-7.6589565
Time,forward,right,left_speed,right_speed
410897292,56,56,3.8267486,-7.1068187
Time,forward,right,left_speed,right_speed
410902900,56,56,4.376547,-7.6589565
Time,forward,right,left_speed,right_speed
410908512,56,56,3.8267486,-7.1068187
Time,forward,right,left_speed,right_speed
410914120,56,56,4.376547,-7.111888
Time,forward,right,left_speed,right_speed
410919732,56,56,4.373427,-7.653497
Time,forward,right,left_speed,right_speed
410925340,56,56,4.9236145,-7.6589565
Time,forward,right,left_speed,right_speed
410930952,56,56,4.9201055,-8.200176
Time,forward,right,left_speed,right_speed
410936560,56,56,4.376547,-7.111888
Time,forward,right,left_speed,right_speed
410942184,56,56,4.9096074,-7.091655
Time,forward,right,left_speed,right_speed
410947780,56,56,3.83769,-7.1271386
Time,forward,right,left_speed,right_speed
410953392,56,56,4.9201055,-7.653497
Time,forward,right,left_speed,right_speed
410959000,56,56,4.376547,-7.6589565
Time,forward,right,left_speed,right_speed
410964612,56,56,4.373427,-6.5601406
Time,forward,right,left_speed,right_speed
410970220,56,56,4.376547,-7.111888
Time,forward,right,left_speed,right_speed
410975832,56,56,4.373427,-7.1068187
Time,forward,right,left_speed,right_speed
410981440,174,174,4.9236145,-7.111888
Time,forward,right,left_speed,right_speed
410987052,174,174,3.8267486,-7.653497
Time,forward,right,left_speed,right_speed
410992660,174,174,4.376547,-7.111888
Time,forward,right,left_speed,right_speed
410998272,174,174,4.373427,-7.653497
Time,forward,right,left_speed,right_speed
411003880,174,174,3.28241,-7.111888
Time,forward,right,left_speed,right_speed
411009492,174,174,3.8267486,-7.653497
Time,forward,right,left_speed,right_speed
411015100,174,174,4.376547,-7.6589565
Time,forward,right,left_speed,right_speed
411020712,174,174,4.373427,-7.1068187
Time,forward,right,left_speed,right_speed
411026332,174,174,4.367202,-7.642603
Time,forward,right,left_speed,right_speed
411031932,174,174,4.3827987,-7.122048
Time,forward,right,left_speed,right_speed
411037540,174,174,4.376547,-7.6589565
Time,forward,right,left_speed,right_speed
411043152,174,174,3.2800703,-7.1068187
Time,forward,right,left_speed,right_speed
411048760,174,174,4.376547,-7.111888
Time,forward,right,left_speed,right_speed
411054372,174,174,3.8267486,-7.653497
Time,forward,right,left_speed,right_speed
411059980,174,174,3.8294783,-7.111888
Time,forward,right,left_speed,right_speed
411065592,174,174,3.8267486,-7.1068187
Time,forward,right,left_speed,right_speed
411071200,174,174,4.376547,-6.56482
Time,forward,right,left_speed,right_speed
411076812,174,174,3.8267486,-7.1068187
Time,forward,right,left_speed,right_speed
411082420,174,174,3.8294783,-6.56482
Time,forward,right,left_speed,right_speed
411088044,174,174,3.8185835,-7.091655
Time,forward,right,left_speed,right_speed
411093640,174,174,3.2894485,-7.1271386
Time,forward,right,left_speed,right_speed
411099252,174,174,4.373427,-6.5601406
Time,forward,right,left_speed,right_speed
411104860,174,174,3.8294783,-7.111888
Time,forward,right,left_speed,right_speed
411110472,174,174,4.9201055,-6.5601406
Time,forward,right,left_speed,right_speed
411116080,174,174,4.376547,-7.111888
Time,forward,right,left_speed,right_speed
411121692,174,174,4.373427,-7.1068187
Time,forward,right,left_speed,right_speed
411127300,174,174,3.8294783,-7.111888
Time,forward,right,left_speed,right_speed
411132912,174,174,4.373427,-6.013462
Time,forward,right,left_speed,right_speed
411138520,174,174,4.376547,-6.56482
Time,forward,right,left_speed,right_speed
411144132,174,174,4.373427,-6.5601406
Time,forward,right,left_speed,right_speed
411149740,174,174,3.8294783,-6.56482
Time,forward,right,left_speed,right_speed
411155352,174,174,3.8267486,-6.5601406
Time,forward,right,left_speed,right_speed
411160960,174,174,4.376547,-6.017751
Time,forward,right,left_speed,right_speed
411166572,174,174,3.8267486,-6.5601406
Time,forward,right,left_speed,right_speed
411172180,174,174,3.28241,-6.56482
Time,forward,right,left_speed,right_speed
411177792,174,174,3.8267486,-6.5601406
Time,forward,right,left_speed,right_speed
411183400,174,174,3.28241,-6.017751
Time,forward,right,left_speed,right_speed
411189012,174,174,3.8267486,-5.466784
Time,forward,right,left_speed,right_speed
411194620,174,174,3.28241,-6.017751
Time,forward,right,left_speed,right_speed
411200232,174,174,3.2800703,-5.466784
Time,forward,right,left_speed,right_speed
411205852,174,174,3.8213015,-6.004902
Time,forward,right,left_speed,right_speed
411211452,174,174,3.287099,-5.4784985
Time,forward,right,left_speed,right_speed
411217060,174,174,3.28241,-6.017751
Time,forward,right,left_speed,right_speed
411222672,174,174,3.8267486,-5.466784
Time,forward,right,left_speed,right_speed
411228280,174,174,3.28241,-4.9236145
Time,forward,right,left_speed,right_speed
411233900,174,174,3.2754014,-6.004902
Time,forward,right,left_speed,right_speed
411239500,174,174,3.287099,-5.4784985
Time,forward,right,left_speed,right_speed
411245120,174,174,3.2754014,-5.459002
Time,forward,right,left_speed,right_speed
411250720,174,174,3.287099,-4.930649
Time,forward,right,left_speed,right_speed
411256332,174,174,3.2800703,-5.466784
Time,forward,right,left_speed,right_speed
411261940,174,174,3.28241,-5.470683
Time,forward,right,left_speed,right_speed
411267552,174,174,2.733392,-4.9201055
Time,forward,right,left_speed,right_speed
411273160,174,174,3.28241,-5.470683
Time,forward,right,left_speed,right_speed
411278772,174,174,3.2800703,-4.9201055
Time,forward,right,left_speed,right_speed
411284392,174,174,3.8213015,-4.9131017
Time,forward,right,left_speed,right_speed
411289992,174,174,3.287099,-4.930649
Time,forward,right,left_speed,right_speed
411295600,174,174,3.28241,-4.9236145
Time,forward,right,left_speed,right_speed
411301212,174,174,3.2800703,-4.9201055
Time,forward,right,left_speed,right_speed
411306820,174,174,3.28241,-4.376547
Time,forward,right,left_speed,right_speed
411312432,174,174,2.733392,-4.9201055
Time,forward,right,left_speed,right_speed
411318040,174,174,2.1882734,-4.376547
Time,forward,right,left_speed,right_speed
411323652,174,174,3.2800703,-4.9201055
Time,forward,right,left_speed,right_speed
411329260,174,174,3.8294783,-4.376547
Time,forward,right,left_speed,right_speed
411334872,174,174,3.2800703,-4.373427
Time,forward,right,left_speed,right_speed
411340480,174,174,3.28241,-4.376547
Time,forward,right,left_speed,right_speed
411346092,174,174,3.8267486,-4.373427
Time,forward,right,left_speed,right_speed
411351708,174,174,3.277734,-4.370312
Time,forward,right,left_speed,right_speed
411357312,174,174,3.2847528,-3.8322115
Time,forward,right,left_speed,right_speed
411362920,174,174,3.28241,-4.376547
Time,forward,right,left_speed,right_speed
411368532,174,174,3.2800703,-3.8267486
Time,forward,right,left_speed,right_speed
411374140,174,174,2.7353415,-4.376547
Time,forward,right,left_speed,right_speed
411379752,174,174,3.2800703,-3.8267486
Time,forward,right,left_speed,right_speed
411385360,174,174,2.7353415,-4.376547
Time,forward,right,left_speed,right_speed
411390972,174,174,3.2800703,-3.8267486
Time,forward,right,left_speed,right_speed
411396580,174,174,2.7353415,-3.8294783
Time,forward,right,left_speed,right_speed
411402192,174,174,3.2800703,-3.8267486
Time,forward,right,left_speed,right_speed
411407800,174,174,2.7353415,-4.376547
Time,forward,right,left_speed,right_speed
411413412,174,174,2.733392,-3.8267486
Time,forward,right,left_speed,right_speed
411419020,174,174,3.28241,-3.28241
Time,forward,right,left_speed,right_speed
411424644,174,174,2.7275596,-3.8185835
Time,forward,right,left_speed,right_speed
411430240,174,174,2.1929657,-3.2894485
Time,forward,right,left_speed,right_speed
411435852,174,174,2.733392,-3.2800703
Time,forward,right,left_speed,right_speed
411441460,174,174,2.7353415,-3.8294783
Time,forward,right,left_speed,right_speed
411447072,174,174,2.733392,-3.2800703
Time,forward,right,left_speed,right_speed
411452680,174,174,2.7353415,-3.8294783
Time,forward,right,left_speed,right_speed
411458292,174,174,2.733392,-3.2800703
Time,forward,right,left_speed,right_speed
411463900,174,174,2.7353415,-3.28241
Time,forward,right,left_speed,right_speed
411469512,174,174,2.1867135,-3.2800703
Time,forward,right,left_speed,right_speed
411475120,174,174,2.7353415,-3.28241
Time,forward,right,left_speed,right_speed
411480732,174,174,2.733392,-3.2800703
Time,forward,right,left_speed,right_speed
411486340,174,174,2.7353415,-3.28241
Time,forward,right,left_speed,right_speed
411491952,174,174,2.1867135,-2.733392
Time,forward,right,left_speed,right_speed
411497560,174,174,2.7353415,-3.28241
Time,forward,right,left_speed,right_speed
411503172,174,174,2.1867135,-3.2800703
Time,forward,right,left_speed,right_speed
411508780,174,174,2.1882734,-2.7353415
Time,forward,right,left_speed,right_speed
411514392,174,174,2.733392,-3.2800703
Time,forward,right,left_speed,right_speed
411520008,174,174,2.185156,-3.277734
Time,forward,right,left_speed,right_speed
411525612,174,174,2.189835,-2.737294
Time,forward,right,left_speed,right_speed
411531220,174,174,2.1882734,-2.7353415
Time,forward,right,left_speed,right_speed
411536832,174,174,2.733392,-3.2800703
Time,forward,right,left_speed,right_speed
411542440,174,174,2.1882734,-2.7353415
Time,forward,right,left_speed,right_speed
411548052,174,174,2.733392,-2.733392
Time,forward,right,left_speed,right_speed
411553660,174,174,2.1882734,-2.7353415
Time,forward,right,left_speed,right_speed
411559272,174,174,1.6400352,-2.733392
Time,forward,right,left_speed,right_speed
411564880,174,174,2.1882734,-2.7353415
Time,forward,right,left_speed,right_speed
411570492,174,174,2.733392,-2.1867135
Time,forward,right,left_speed,right_speed
411576100,174,174,2.1882734,-2.7353415
Time,forward,right,left_speed,right_speed
411581712,174,174,2.1867135,-2.1867135
Time,forward,right,left_speed,right_speed
411587320,174,174,2.1882734,-2.7353415
Time,forward,right,left_speed,right_speed
411592932,174,174,1.6400352,-2.1867135
Time,forward,right,left_speed,right_speed
411598540,174,174,2.1882734,-2.1882734
Time,forward,right,left_speed,right_speed
411604152,174,174,1.6400352,-2.733392
Time,forward,right,left_speed,right_speed
411609760,174,174,2.1882734,-2.1882734
Time,forward,right,left_speed,right_speed
411615372,174,174,2.733392,-2.1867135
Time,forward,right,left_speed,right_speed
411620980,174,174,1.641205,-2.1882734
Time,forward,right,left_speed,right_speed
411626592,174,174,2.1867135,-2.1867135
Time,forward,right,left_speed,right_speed
411632200,174,174,2.7353415,-2.1882734
Time,forward,right,left_speed,right_speed
411637812,174,174,2.1867135,-2.1867135
Time,forward,right,left_speed,right_speed
411643420,174,174,2.1882734,-2.1882734
Time,forward,right,left_speed,right_speed
411649036,174,174,2.185156,-1.638867
Time,forward,right,left_speed,right_speed
411654640,174,174,2.189835,-2.189835
Time,forward,right,left_speed,right_speed
411660252,174,174,2.1867135,-2.1867135
Time,forward,right,left_speed,right_speed
411665860,174,174,2.1882734,-2.1882734
Time,forward,right,left_speed,right_speed
411671472,174,174,2.1867135,-2.1867135
Time,forward,right,left_speed,right_speed
411677080,174,174,2.1882734,-1.641205
Time,forward,right,left_speed,right_speed
411682692,174,174,2.1867135,-1.0933567
Time,forward,right,left_speed,right_speed
411688300,174,174,2.1882734,-1.641205
Time,forward,right,left_speed,right_speed
411693912,174,174,1.6400352,-2.1867135
Time,forward,right,left_speed,right_speed
411699520,174,174,2.1882734,-1.641205
Time,forward,right,left_speed,right_speed
411705132,174,174,2.1867135,-2.1867135
Time,forward,right,left_speed,right_speed
411710740,174,174,1.641205,-1.641205
Time,forward,right,left_speed,right_speed
411716352,174,174,2.1867135,-1.6400352
Time,forward,right,left_speed,right_speed
411721960,174,174,1.641205,-2.1882734
Time,forward,right,left_speed,right_speed
411727572,174,174,2.1867135,-2.1867135
Time,forward,right,left_speed,right_speed
411733180,174,174,1.641205,-1.641205
Time,forward,right,left_speed,right_speed
411738792,174,174,1.6400352,-1.6400352
Time,forward,right,left_speed,right_speed
411744400,174,174,2.1882734,-1.641205
Time,forward,right,left_speed,right_speed
411750012,174,174,1.6400352,-2.1867135
Time,forward,right,left_speed,right_speed
411755620,174,174,1.641205,-1.641205
Time,forward,right,left_speed,right_speed
411761232,174,174,1.6400352,-1.6400352
Time,forward,right,left_speed,right_speed
411766840,174,174,1.641205,-1.641205
Time,forward,right,left_speed,right_speed
411772452,174,174,1.6400352,-1.6400352
Time,forward,right,left_speed,right_speed
411778068,174,174,1.638867,-1.638867
Time,forward,right,left_speed,right_speed
411783672,174,174,1.6423764,-1.6423764
Time,forward,right,left_speed,right_speed
411789280,174,174,1.641205,-1.641205
Time,forward,right,left_speed,right_speed
411794892,174,174,1.6400352,-1.6400352
Time,forward,right,left_speed,right_speed
411800500,174,174,1.0941367,-1.0941367
Time,forward,right,left_speed,right_speed
411806112,174,174,1.6400352,-1.6400352
Time,forward,right,left_speed,right_speed
411811720,174,174,1.641205,-1.641205
Time,forward,right,left_speed,right_speed
411817332,174,174,1.0933567,-1.0933567
Time,forward,right,left_speed,right_speed
411822940,174,174,1.641205,-1.641205
Time,forward,right,left_speed,right_speed
411828552,174,174,1.0933567,-1.0933567
Time,forward,right,left_speed,right_speed
411834160,174,174,1.641205,-1.641205
Time,forward,right,left_speed,right_speed
411839772,174,174,1.0933567,-1.6400352
Time,forward,right,left_speed,right_speed
411845380,174,174,1.641205,-1.0941367
Time,forward,right,left_speed,right_speed
411850992,174,174,1.0933567,-1.6400352
Time,forward,right,left_speed,right_speed
411856600,174,174,1.0941367,-1.0941367
Time,forward,right,left_speed,right_speed
411862212,174,174,1.6400352,-1.6400352
Time,forward,right,left_speed,right_speed
411867820,174,174,1.0941367,-1.0941367
Time,forward,right,left_speed,right_speed
411873432,174,174,1.0933567,-1.0933567
Time,forward,right,left_speed,right_speed
411879040,174,174,1.0941367,-1.641205
Time,forward,right,left_speed,right_speed
411884652,174,174,1.6400352,-1.0933567
Time,forward,right,left_speed,right_speed
411890260,174,174,1.0941367,-1.0941367
Time,forward,right,left_speed,right_speed
411895872,174,174,1.0933567,-1.6400352
Time,forward,right,left_speed,right_speed
411901480,174,174,1.0941367,-1.0941367
Time,forward,right,left_speed,right_speed
411907092,174,174,1.0933567,-1.0933567
Time,forward,right,left_speed,right_speed
411912700,174,174,0.54706836,-1.0941367
Time,forward,right,left_speed,right_speed
411918312,174,174,1.0933567,-1.0933567
Time,forward,right,left_speed,right_speed
411923920,174,174,1.0941367,-1.0941367
Time,forward,right,left_speed,right_speed
411929532,174,174,1.0933567,-1.0933567
Time,forward,right,left_speed,right_speed
411935140,174,174,1.0941367,-1.0941367
Time,forward,right,left_speed,right_speed
411940752,174,174,1.0933567,-1.0933567
Time,forward,right,left_speed,right_speed
411946360,174,174,0.54706836,-1.0941367
Time,forward,right,left_speed,right_speed
411951976,174,174,1.092578,-1.092578
Time,forward,right,left_speed,right_speed
411957580,174,174,1.0949175,-0.54745877
Time,forward,right,left_speed,right_speed
411963192,174,174,0.54667836,-1.0933567
Time,forward,right,left_speed,right_speed
411968800,174,174,1.0941367,-1.0941367
Time,forward,right,left_speed,right_speed
411974412,174,174,1.0933567,-1.0933567
Time,forward,right,left_speed,right_speed
411980020,174,174,0.54706836,-0.54706836
Time,forward,right,left_speed,right_speed
411985632,174,174,1.0933567,-1.0933567
Time,forward,right,left_speed,right_speed
411991240,174,174,1.0941367,-1.0941367
Time,forward,right,left_speed,right_speed
411996852,174,174,1.0933567,-0.54667836
Time,forward,right,left_speed,right_speed
412002460,174,174,0.54706836,-1.0941367
Time,forward,right,left_speed,right_speed
412008072,174,174,1.0933567,-0.54667836
Time,forward,right,left_speed,right_speed
412013680,174,174,0.54706836,-1.0941367
Time,forward,right,left_speed,right_speed
412019292,174,174,1.0933567,-0.54667836
Time,forward,right,left_speed,right_speed
412024900,174,174,0.54706836,-1.0941367
Time,forward,right,left_speed,right_speed
412030512,174,174,0.54667836,-0.54667836
Time,forward,right,left_speed,right_speed
412036120,174,174,1.0941367,-1.0941367
Time,forward,right,left_speed,right_speed
412041732,174,174,0,-0.54667836
Time,forward,right,left_speed,right_speed
412047340,174,174,0.54706836,-0.54706836
Time,forward,right,left_speed,right_speed
412052952,174,174,0.54667836,-1.0933567
Time,forward,right,left_speed,right_speed
412058560,174,174,0.54706836,-0.54706836
Time,forward,right,left_speed,right_speed
412064172,174,174,0.54667836,-0.54667836
Time,forward,right,left_speed,right_speed
412069780,174,174,1.0941367,-1.0941367
Time,forward,right,left_speed,right_speed
412075392,174,174,0.54667836,-0.54667836
Time,forward,right,left_speed,right_speed
412081000,174,174,0.54706836,-0.54706836
Time,forward,right,left_speed,right_speed
412086612,174,174,0.54667836,-0.54667836
Time,forward,right,left_speed,right_speed
412092232,174,174,0.5459002,-1.0918005
Time,forward,right,left_speed,right_speed
412097832,174,174,0,-0.54784983
Time,forward,right,left_speed,right_speed
412103440,174,174,0.54706836,-0.54706836
Time,forward,right,left_speed,right_speed
412109052,174,174,1.0933567,-0.54667836
Time,forward,right,left_speed,right_speed
412114660,174,174,0.54706836,-0.54706836
Time,forward,right,left_speed,right_speed
412120272,174,174,0.54667836,-0.54667836
Time,forward,right,left_speed,right_speed
412125880,174,174,0.54706836,-0.54706836
Time,forward,right,left_speed,right_speed
412131492,174,174,0.54667836,-0.54667836
Time,forward,right,left_speed,right_speed
412137100,174,174,0.54706836,-0.54706836
Time,forward,right,left_speed,right_speed
412142712,174,174,0,-0.54667836
Time,forward,right,left_speed,right_speed
412148320,174,174,0.54706836,-0.54706836
Time,forward,right,left_speed,right_speed
412153932,174,174,0.54667836,-0.54667836
Time,forward,right,left_speed,right_speed
412159540,174,174,0,-0.54706836
Time,forward,right,left_speed,right_speed
412165152,174,174,0.54667836,0
Time,forward,right,left_speed,right_speed
412170760,174,174,0.54706836,-0.54706836
Time,forward,right,left_speed,right_speed
412176372,174,174,0,-0.54667836
Time,forward,right,left_speed,right_speed
412181980,174,174,0.54706836,-0.54706836
Time,forward,right,left_speed,right_speed
412187592,174,174,0.54667836,0
Time,forward,right,left_speed,right_speed
412193200,174,174,0,-0.54706836
Time,forward,right,left_speed,right_speed
412198812,174,174,0.54667836,-0.54667836
Time,forward,right,left_speed,right_speed
412204420,174,174,0.54706836,0
Time,forward,right,left_speed,right_speed
412210032,174,174,0,-0.54667836
Time,forward,right,left_speed,right_speed
412215640,174,174,0.54706836,-0.54706836
Time,forward,right,left_speed,right_speed
412221252,174,174,0,0
Time,forward,right,left_speed,right_speed
412226860,174,174,0.54706836,-0.54706836
Time,forward,right,left_speed,right_speed
412232472,174,174,0,-0.54667836
Time,forward,right,left_speed,right_speed
412238080,174,174,0,0
Time,forward,right,left_speed,right_speed
412243692,174,174,0.54667836,-0.54667836
Time,forward,right,left_speed,right_speed
412249300,174,174,0.54706836,0
Time,forward,right,left_speed,right_speed
412254912,174,174,0,-0.54667836
Time,forward,right,left_speed,right_speed
412260520,174,174,0.54706836,0
Time,forward,right,left_speed,right_speed
412266132,174,174,0,-0.54667836
Time,forward,right,left_speed,right_speed
412271740,174,174,0.54706836,0
Time,forward,right,left_speed,right_speed
412277352,174,174,0,-0.54667836
Time,forward,right,left_speed,right_speed
412282960,174,174,0.54706836,0
Time,forward,right,left_speed,right_speed
412288572,174,174,0,0
Time,forward,right,left_speed,right_speed
412294180,174,174,0,-0.54706836
Time,forward,right,left_speed,right_speed
412299792,174,174,0,0
Time,forward,right,left_speed,right_speed
412305400,174,174,0,0
Time,forward,right,left_speed,right_speed
412311012,174,174,0.54667836,-0.54667836
Time,forward,right,left_speed,right_speed
412316620,174,174,0,0
Time,forward,right,left_speed,right_speed
412322232,174,174,0,0
Time,forward,right,left_speed,right_speed
412327840,174,174,0,0
Time,forward,right,left_speed,right_speed
412333452,174,174,0,-0.54667836
Time,forward,right,left_speed,right_speed
412339060,174,174,0,0
Time,forward,right,left_speed,right_speed
412344672,174,174,0.54667836,0
Time,forward,right,left_speed,right_speed
412350280,174,174,0,0
Time,forward,right,left_speed,right_speed
412355892,174,174,0,0
Time,forward,right,left_speed,right_speed
412361500,174,174,0,-0.54706836
Time,forward,right,left_speed,right_speed
412367112,174,174,0,0
Time,forward,right,left_speed,right_speed
412372720,174,174,0,0
Time,forward,right,left_speed,right_speed
412378332,174,174,0,0
Time,forward,right,left_speed,right_speed
412383940,174,174,0,0
Time,forward,right,left_speed,right_speed
412389552,174,174,0,-0.54667836
Time,forward,right,left_speed,right_speed
412395160,174,174,0,0
Time,forward,right,left_speed,right_speed
412400772,174,174,0,0
Time,forward,right,left_speed,right_speed
412406380,174,174,0,0
Time,forward,right,left_speed,right_speed
412411992,174,174,0,0
Time,forward,right,left_speed,right_speed
412417600,174,174,0.54706836,0
Time,forward,right,left_speed,right_speed
412423212,174,174,0,0
Time,forward,right,left_speed,right_speed
412428820,174,174,0,0
Time,forward,right,left_speed,right_speed
412434436,174,174,0,0
Time,forward,right,left_speed,right_speed
412440040,174,174,0,0
Time,forward,right,left_speed,right_speed
412445652,174,174,0,0
Time,forward,right,left_speed,right_speed
412451260,174,174,0,0
Time,forward,right,left_speed,right_speed
412456872,174,174,0,0
Time,forward,right,left_speed,right_speed
412462480,174,174,0,0
Time,forward,right,left_speed,right_speed
412468092,174,174,0,0
Time,forward,right,left_speed,right_speed
412473700,174,174,0,0
Time,forward,right,left_speed,right_speed
412479312,174,174,0,0
Time,forward,right,left_speed,right_speed
412484920,174,174,0,0
Time,forward,right,left_speed,right_speed
412490532,174,174,0,0
Time,forward,right,left_speed,right_speed
412496140,174,174,0,0
Time,forward,right,left_speed,right_speed
412501752,174,174,0,0
Time,forward,right,left_speed,right_speed
412507360,174,174,0,0
Time,forward,right,left_speed,right_speed
412512972,174,174,0,0
Time,forward,right,left_speed,right_speed
412518580,174,174,0,0
Time,forward,right,left_speed,right_speed
412524192,174,174,0,0
Time,forward,right,left_speed,right_speed
412529800,174,174,0,0
Time,forward,right,left_speed,right_speed
412535412,174,174,0,0
Time,forward,right,left_speed,right_speed
412541020,174,174,0,0
Time,forward,right,left_speed,right_speed
412546632,174,174,0,0
Time,forward,right,left_speed,right_speed
412552240,174,174,0,0
Time,forward,right,left_speed,right_speed
412557852,174,174,0,0
Time,forward,right,left_speed,right_speed
412563468,174,174,0,0
Time,forward,right,left_speed,right_speed
412569072,174,174,0,0
Time,forward,right,left_speed,right_speed
412574680,174,174,0,0
Time,forward,right,left_speed,right_speed
412580292,174,174,0,0
Time,forward,right,left_speed,right_speed
412585900,174,174,0,0
Time,forward,right,left_speed,right_speed
412591512,174,174,0,0
Time,forward,right,left_speed,right_speed
412597120,174,174,0,0
Time,forward,right,left_speed,right_speed
412602732,174,174,0,0
Time,forward,right,left_speed,right_speed
412608340,174,174,0,0
Time,forward,right,left_speed,right_speed
412613952,174,174,0,0
Time,forward,right,left_speed,right_speed
412619560,174,174,0,0
Time,forward,right,left_speed,right_speed
412625172,174,174,0,0
Time,forward,right,left_speed,right_speed
412630780,174,174,0,0
Time,forward,right,left_speed,right_speed
412636392,174,174,0,0
Time,forward,right,left_speed,right_speed
412642000,174,174,0,0
Time,forward,right,left_speed,right_speed
412647612,174,174,0,0
Time,forward,right,left_speed,right_speed
412653220,174,174,0,0
Time,forward,right,left_speed,right_speed
412658832,174,174,0,0
Time,forward,right,left_speed,right_speed
412664440,174,174,0,0
Time,forward,right,left_speed,right_speed
412670052,174,174,0,0
Time,forward,right,left_speed,right_speed
412675660,174,174,0,0
Time,forward,right,left_speed,right_speed
412681272,174,174,0,0
Time,forward,right,left_speed,right_speed
412686880,174,174,0,0
Time,forward,right,left_speed,right_speed
412692496,174,174,0,0
Time,forward,right,left_speed,right_speed
412698100,174,174,0,0
Time,forward,right,left_speed,right_speed
412703712,174,174,0,0
Time,forward,right,left_speed,right_speed
412709320,174,174,0,0
Time,forward,right,left_speed,right_speed
412714932,174,174,0,0
Time,forward,right,left_speed,right_speed
412720540,174,174,0,0
Time,forward,right,left_speed,right_speed
412726152,174,174,0,0
Time,forward,right,left_speed,right_speed
412731760,174,174,0,0
Time,forward,right,left_speed,right_speed
412737372,174,174,0,0
Time,forward,right,left_speed,right_speed
412742980,174,174,0,0
Time,forward,right,left_speed,right_speed
412748592,174,174,0,0
Time,forward,right,left_speed,right_speed
412754200,174,174,0,0
Time,forward,right,left_speed,right_speed
412759812,174,174,0,0
Time,forward,right,left_speed,right_speed
412765420,174,174,0,0
Time,forward,right,left_speed,right_speed
412771032,174,174,0,0
Time,forward,right,left_speed,right_speed
412776640,174,174,0,0
Time,forward,right,left_speed,right_speed
412782252,174,174,0,0
Time,forward,right,left_speed,right_speed
412787860,174,174,0,0
Time,forward,right,left_speed,right_speed
412793472,174,174,0,0
Time,forward,right,left_speed,right_speed
412799080,174,174,0,0
Time,forward,right,left_speed,right_speed
412804692,174,174,0,0
Time,forward,right,left_speed,right_speed
412810300,174,174,0,0
Time,forward,right,left_speed,right_speed
412815912,174,174,0,0
Time,forward,right,left_speed,right_speed
412821524,174,174,0,0
Time,forward,right,left_speed,right_speed
412827132,174,174,0,0
Time,forward,right,left_speed,right_speed
412832740,174,174,0,0
Time,forward,right,left_speed,right_speed
412838352,174,174,0,0
Time,forward,right,left_speed,right_speed
412843960,174,174,0,0
Time,forward,right,left_speed,right_speed
412849572,174,174,0,0
Time,forward,right,left_speed,right_speed
412855180,174,174,0,0
Time,forward,right,left_speed,right_speed
412860792,174,174,0,0
Time,forward,right,left_speed,right_speed
412866400,174,174,0,0
Time,forward,right,left_speed,right_speed
412872012,174,174,0,0
Time,forward,right,left_speed,right_speed
412877620,174,174,0,0
Time,forward,right,left_speed,right_speed
412883232,174,174,0,0
Time,forward,right,left_speed,right_speed
412888840,174,174,0,0
Time,forward,right,left_speed,right_speed
412894452,174,174,0,0
Time,forward,right,left_speed,right_speed
412900060,174,174,0,0
Time,forward,right,left_speed,right_speed
412905672,174,174,0,0
Time,forward,right,left_speed,right_speed
412911280,174,174,0,0
Time,forward,right,left_speed,right_speed
412916892,174,174,0,0
Time,forward,right,left_speed,right_speed
412922500,174,174,0,0
Time,forward,right,left_speed,right_speed
412928112,174,174,0,0
Time,forward,right,left_speed,right_speed
412933720,174,174,0,0
Time,forward,right,left_speed,right_speed
412939332,174,174,0,0
Time,forward,right,left_speed,right_speed
412944940,174,174,0,0
Time,forward,right,left_speed,right_speed
412950552,174,174,0,0
Time,forward,right,left_speed,right_speed
412956160,174,174,0,0
Time,forward,right,left_speed,right_speed
412961772,174,174,0,0
Time,forward,right,left_speed,right_speed
412967380,174,174,0.54706836,0
Time,forward,right,left_speed,right_speed
412972992,174,174,0,0
Time,forward,right,left_speed,right_speed
412978600,174,174,0,0
Time,forward,right,left_speed,right_speed
412984212,174,174,0,0
Time,forward,right,left_speed,right_speed
412989820,174,174,0,0
Time,forward,right,left_speed,right_speed
412995432,174,174,0,0
Time,forward,right,left_speed,right_speed
413001040,174,174,0,0
Time,forward,right,left_speed,right_speed
413006652,174,174,0,0
Time,forward,right,left_speed,right_speed
413012260,174,174,0,0
Time,forward,right,left_speed,right_speed
413017872,174,174,0,0
Time,forward,right,left_speed,right_speed
413023480,174,174,0,0
Time,forward,right,left_speed,right_speed
413029092,174,174,0,0
Time,forward,right,left_speed,right_speed
413034700,174,174,0,0
Time,forward,right,left_speed,right_speed
413040312,174,174,0,0
Time,forward,right,left_speed,right_speed
413045920,174,174,0,0
Time,forward,right,left_speed,right_speed
413051532,174,174,0,0
Time,forward,right,left_speed,right_speed
413057140,174,174,0,0
Time,forward,right,left_speed,right_speed
413062752,174,174,0,0
Time,forward,right,left_speed,right_speed
413068360,174,174,0,0
Time,forward,right,left_speed,right_speed
413073972,174,174,0,0
Time,forward,right,left_speed,right_speed
413079580,174,174,0,0
Time,forward,right,left_speed,right_speed
413085192,174,174,0,0
Time,forward,right,left_speed,right_speed
413090800,174,174,0,0
Time,forward,right,left_speed,right_speed
413096412,174,174,0,0
Time,forward,right,left_speed,right_speed
413102020,174,174,0,0
Time,forward,right,left_speed,right_speed
413107632,174,174,0,0
Time,forward,right,left_speed,right_speed
413113240,174,174,0,0
Time,forward,right,left_speed,right_speed
413118852,174,174,0,0
Time,forward,right,left_speed,right_speed
413124460,174,174,0,0
Time,forward,right,left_speed,right_speed
413130072,174,174,0,0
Time,forward,right,left_speed,right_speed
413135680,174,174,0,0
Time,forward,right,left_speed,right_speed
413141292,174,174,0,0
Time,forward,right,left_speed,right_speed
413146900,174,174,0,0
Time,forward,right,left_speed,right_speed
413152512,174,174,0,0
Time,forward,right,left_speed,right_speed
413158120,174,174,0,0
Time,forward,right,left_speed,right_speed
413163732,174,174,0,0
Time,forward,right,left_speed,right_speed
413169340,174,174,0,0
Time,forward,right,left_speed,right_speed
413174952,174,174,0,0
Time,forward,right,left_speed,right_speed
413180560,174,174,0,0
Time,forward,right,left_speed,right_speed
413186172,174,174,0,0
Time,forward,right,left_speed,right_speed
413191780,174,174,0,0
Time,forward,right,left_speed,right_speed
413197392,174,174,0,0
Time,forward,right,left_speed,right_speed
413203000,174,174,0,0
Time,forward,right,left_speed,right_speed
413208612,174,174,0,0
Time,forward,right,left_speed,right_speed
413214220,174,174,0,0
Time,forward,right,left_speed,right_speed
413219832,174,174,0,0
Time,forward,right,left_speed,right_speed
413225440,174,174,0,0
Time,forward,right,left_speed,right_speed
413231052,174,174,0,0
Time,forward,right,left_speed,right_speed
413236660,174,174,0,0
Time,forward,right,left_speed,right_speed
413242272,174,174,0,0
Time,forward,right,left_speed,right_speed
413247880,174,174,0,0
Time,forward,right,left_speed,right_speed
413253492,174,174,0,0
Time,forward,right,left_speed,right_speed
413259100,174,174,0,0
Time,forward,right,left_speed,right_speed
413264712,174,174,0,0
Time,forward,right,left_speed,right_speed
413270320,174,174,0,0
Time,forward,right,left_speed,right_speed
413275932,174,174,0,0
Time,forward,right,left_speed,right_speed
413281540,174,174,0,0
Time,forward,right,left_speed,right_speed
413287152,174,174,0,0
Time,forward,right,left_speed,right_speed
413292760,174,174,0,0
Time,forward,right,left_speed,right_speed
413298372,174,174,0,0
Time,forward,right,left_speed,right_speed
413303980,174,174,0,0
Time,forward,right,left_speed,right_speed
413309592,174,174,0,0
Time,forward,right,left_speed,right_speed
413315200,174,174,0,0
Time,forward,right,left_speed,right_speed
413320812,174,174,0,0
Time,forward,right,left_speed,right_speed
413326420,174,174,0,0
Time,forward,right,left_speed,right_speed
413332032,174,174,0,0
Time,forward,right,left_speed,right_speed
413337640,174,174,0,0
Time,forward,right,left_speed,right_speed
413343252,174,174,0,0
Time,forward,right,left_speed,right_speed
413348860,174,174,0,0
Time,forward,right,left_speed,right_speed
413354472,174,174,0,0
Time,forward,right,left_speed,right_speed
413360080,174,174,0,0
Time,forward,right,left_speed,right_speed
413365692,174,174,0,0
Time,forward,right,left_speed,right_speed
413371300,174,174,0,0
Time,forward,right,left_speed,right_speed
413376912,174,174,0,0
Time,forward,right,left_speed,right_speed
413382520,174,174,0,0
Time,forward,right,left_speed,right_speed
413388132,174,174,0,0
Time,forward,right,left_speed,right_speed
413393740,174,174,0,0
Time,forward,right,left_speed,right_speed
413399352,174,174,0,0
Time,forward,right,left_speed,right_speed
413404960,174,174,0,0
Time,forward,right,left_speed,right_speed
413410572,174,174,0,0
Time,forward,right,left_speed,right_speed
413416180,174,174,0,0
Time,forward,right,left_speed,right_speed
413421792,174,174,0,0
Time,forward,right,left_speed,right_speed
413427400,174,174,0,0
Time,forward,right,left_speed,right_speed
413433012,174,174,0,0
Time,forward,right,left_speed,right_speed
413438620,174,174,0,0
Time,forward,right,left_speed,right_speed
413444232,174,174,0,0
Time,forward,right,left_speed,right_speed
413449840,174,174,0,0
Time,forward,right,left_speed,right_speed
413455452,174,174,0,0
Time,forward,right,left_speed,right_speed
413461060,174,174,0,0
Time,forward,right,left_speed,right_speed
413466672,174,174,0,0
Time,forward,right,left_speed,right_speed
413472280,174,174,0,0
Time,forward,right,left_speed,right_speed
413477896,174,174,0,0
Time,forward,right,left_speed,right_speed
413483500,174,174,0,0
Time,forward,right,left_speed,right_speed
413489112,174,174,0,0
Time,forward,right,left_speed,right_speed
413494720,174,174,0,0
Time,forward,right,left_speed,right_speed
413500332,174,174,0,0
Time,forward,right,left_speed,right_speed
413505940,174,174,0,0
Time,forward,right,left_speed,right_speed
413511552,174,174,0,0
Time,forward,right,left_speed,right_speed
413517160,174,174,0,0
Time,forward,right,left_speed,right_speed
413522772,174,174,0,0
Time,forward,right,left_speed,right_speed
413528380,174,174,0,0
Time,forward,right,left_speed,right_speed
413533992,174,174,0,0
Time,forward,right,left_speed,right_speed
413539600,174,174,0,0
Time,forward,right,left_speed,right_speed
413545212,174,174,0,0
Time,forward,right,left_speed,right_speed
413550820,174,174,0,0
Time,forward,right,left_speed,right_speed
413556432,174,174,0,0
Time,forward,right,left_speed,right_speed
413562040,174,174,0,0
Time,forward,right,left_speed,right_speed
413567652,174,174,0,0
Time,forward,right,left_speed,right_speed
413573260,174,174,0,0
Time,forward,right,left_speed,right_speed
413578872,174,174,0,0
Time,forward,right,left_speed,right_speed
413584480,174,174,0,0
Time,forward,right,left_speed,right_speed
413590092,174,174,0,0
Time,forward,right,left_speed,right_speed
413595700,174,174,0,0
Time,forward,right,left_speed,right_speed
413601312,174,174,0,0
Time,forward,right,left_speed,right_speed
413606928,174,174,0,0
Time,forward,right,left_speed,right_speed
413612532,174,174,0,0
Time,forward,right,left_speed,right_speed
413618140,174,174,0,0
Time,forward,right,left_speed,right_speed
413623752,174,174,0,0
Time,forward,right,left_speed,right_speed
413629360,174,174,0,0
Time,forward,right,left_speed,right_speed
413634972,174,174,0,0
Time,forward,right,left_speed,right_speed
413640580,174,174,0,0
Time,forward,right,left_speed,right_speed
413646192,174,174,0,0
Time,forward,right,left_speed,right_speed
413651800,174,174,0,0
Time,forward,right,left_speed,right_speed
413657412,174,174,0,0
Time,forward,right,left_speed,right_speed
413663020,174,174,0,0
Time,forward,right,left_speed,right_speed
413668632,174,174,0,0
Time,forward,right,left_speed,right_speed
413674240,174,174,0,0
Time,forward,right,left_speed,right_speed
413679852,174,174,0,0
Time,forward,right,left_speed,right_speed
413685460,174,174,0,0
Time,forward,right,left_speed,right_speed
413691072,174,174,0,0
Time,forward,right,left_speed,right_speed
413696680,174,174,0,0
Time,forward,right,left_speed,right_speed
413702292,174,174,0,0
Time,forward,right,left_speed,right_speed
413707900,174,174,0,0
Time,forward,right,left_speed,right_speed
413713512,174,174,0,0
Time,forward,right,left_speed,right_speed
413719120,174,174,0,0
Time,forward,right,left_speed,right_speed
413724732,174,174,0,0
Time,forward,right,left_speed,right_speed
413730340,174,174,0,0
Time,forward,right,left_speed,right_speed
413735956,174,174,0,0
Time,forward,right,left_speed,right_speed
413741560,174,174,0,0
Time,forward,right,left_speed,right_speed
413747172,174,174,0,0
Time,forward,right,left_speed,right_speed
413752780,174,174,0,0
Time,forward,right,left_speed,right_speed
413758392,174,174,0,0
Time,forward,right,left_speed,right_speed
413764000,174,174,0,0
Time,forward,right,left_speed,right_speed
413769612,174,174,0,0
Time,forward,right,left_speed,right_speed
413775220,174,174,0,0
Time,forward,right,left_speed,right_speed
413780832,174,174,0,0
Time,forward,right,left_speed,right_speed
413786440,174,174,0,0
Time,forward,right,left_speed,right_speed
413792052,174,174,0,0
Time,forward,right,left_speed,right_speed
413797660,174,174,0,0
Time,forward,right,left_speed,right_speed
413803272,174,174,0,0
Time,forward,right,left_speed,right_speed
413808880,174,174,0,0
Time,forward,right,left_speed,right_speed
413814492,174,174,0,0
Time,forward,right,left_speed,right_speed
413820100,174,174,0,0
Time,forward,right,left_speed,right_speed
413825712,174,174,0,0
Time,forward,right,left_speed,right_speed
413831320,174,174,0,0
Time,forward,right,left_speed,right_speed
413836932,174,174,0,0
Time,forward,right,left_speed,right_speed
413842540,174,174,0,0
Time,forward,right,left_speed,right_speed
413848152,174,174,0,0
Time,forward,right,left_speed,right_speed
413853760,174,174,0,0
Time,forward,right,left_speed,right_speed
413859372,174,174,0,0
Time,forward,right,left_speed,right_speed
413864980,174,174,0,0
Time,forward,right,left_speed,right_speed
413870592,174,174,0,0
Time,forward,right,left_speed,right_speed
413876200,174,174,0,0
Time,forward,right,left_speed,right_speed
413881812,174,174,0,0
Time,forward,right,left_speed,right_speed
413887420,174,174,0,0
Time,forward,right,left_speed,right_speed
413893032,174,174,0,0
Time,forward,right,left_speed,right_speed
413898640,174,174,0,0
Time,forward,right,left_speed,right_speed
413904252,174,174,0,0
Time,forward,right,left_speed,right_speed
413909860,174,174,0,0
Time,forward,right,left_speed,right_speed
413915472,174,174,0,0
Time,forward,right,left_speed,right_speed
413921080,174,174,0,0
Time,forward,right,left_speed,right_speed
413926692,174,174,0,0
Time,forward,right,left_speed,right_speed
413932300,174,174,0,0
Time,forward,right,left_speed,right_speed
413937912,174,174,0,0
Time,forward,right,left_speed,right_speed
413943520,174,174,0,0
Time,forward,right,left_speed,right_speed
413949132,174,174,0,0
Time,forward,right,left_speed,right_speed
413954740,174,174,0,0
Time,forward,right,left_speed,right_speed
413960352,174,174,0,0
Time,forward,right,left_speed,right_speed
413965960,174,174,0,0
Time,forward,right,left_speed,right_speed
413971572,174,174,0,0
Time,forward,right,left_speed,right_speed
413977180,174,174,0,0
Time,forward,right,left_speed,right_speed
413982792,174,174,0,0
Time,forward,right,left_speed,right_speed
413988400,174,174,0,0
Time,forward,right,left_speed,right_speed
413994012,174,174,0,0
Time,forward,right,left_speed,right_speed
413999620,174,174,0,0
Time,forward,right,left_speed,right_speed
414005232,174,174,0,0
Time,forward,right,left_speed,right_speed
414010840,174,174,0,0
Time,forward,right,left_speed,right_speed
414016452,174,174,0,0
Time,forward,right,left_speed,right_speed
414022060,174,174,0,0
Time,forward,right,left_speed,right_speed
414027672,174,174,0,0
Time,forward,right,left_speed,right_speed
414033280,174,174,0,0
Time,forward,right,left_speed,right_speed
414038892,174,174,0,0
Time,forward,right,left_speed,right_speed
414044500,174,174,0,0
Time,forward,right,left_speed,right_speed
414050112,174,174,0,0
Time,forward,right,left_speed,right_speed
414055720,174,174,0,0
Time,forward,right,left_speed,right_speed
414061332,174,174,0,0
Time,forward,right,left_speed,right_speed
414066940,174,174,0,0
Time,forward,right,left_speed,right_speed
414072552,174,174,0,0
Time,forward,right,left_speed,right_speed
414078160,174,174,0,0
Time,forward,right,left_speed,right_speed
414083772,174,174,0,0
Time,forward,right,left_speed,right_speed
414089380,174,174,0,0
Time,forward,right,left_speed,right_speed
414094992,174,174,0,0
Time,forward,right,left_speed,right_speed
414100600,174,174,0,0
Time,forward,right,left_speed,right_speed
414106212,174,174,0,0
Time,forward,right,left_speed,right_speed
414111820,174,174,0,0
Time,forward,right,left_speed,right_speed
414117432,174,174,0,0
Time,forward,right,left_speed,right_speed
414123040,174,174,0,0
Time,forward,right,left_speed,right_speed
414128652,174,174,0,0
Time,forward,right,left_speed,right_speed
414134260,174,174,0,0
Time,forward,right,left_speed,right_speed
414139872,174,174,0,0
Time,forward,right,left_speed,right_speed
414145480,174,174,0,0
Time,forward,right,left_speed,right_speed
414151092,174,174,0,0
Time,forward,right,left_speed,right_speed
414156700,174,174,0,0
Time,forward,right,left_speed,right_speed
414162312,174,174,0,0
Time,forward,right,left_speed,right_speed
414167920,174,174,0,0
Time,forward,right,left_speed,right_speed
414173532,174,174,0,0
Time,forward,right,left_speed,right_speed
414179140,174,174,0,0
Time,forward,right,left_speed,right_speed
414184752,174,174,0,0
Time,forward,right,left_speed,right_speed
414190360,174,174,0,0
Time,forward,right,left_speed,right_speed
414195972,174,174,0,0
Time,forward,right,left_speed,right_speed
414201580,174,174,0,0
Time,forward,right,left_speed,right_speed
414207192,174,174,0,0
Time,forward,right,left_speed,right_speed
414212800,174,174,0,0
Time,forward,right,left_speed,right_speed
414218412,174,174,0,0
Time,forward,right,left_speed,right_speed
414224020,174,174,0,0
Time,forward,right,left_speed,right_speed
414229632,174,174,0,0
Time,forward,right,left_speed,right_speed
414235240,174,174,0,0
Time,forward,right,left_speed,right_speed
414240852,174,174,0,0
Time,forward,right,left_speed,right_speed
414246460,174,174,0,0
Time,forward,right,left_speed,right_speed
414252072,174,174,0,0
Time,forward,right,left_speed,right_speed
414257680,174,174,0,0
Time,forward,right,left_speed,right_speed
414263292,174,174,0,0
Time,forward,right,left_speed,right_speed
414268900,174,174,0,0
Time,forward,right,left_speed,right_speed
414274512,174,174,0,0
Time,forward,right,left_speed,right_speed
414280120,174,174,0,0
Time,forward,right,left_speed,right_speed
414285732,174,174,0,0
Time,forward,right,left_speed,right_speed
414291340,174,174,0,0
Time,forward,right,left_speed,right_speed
414296952,174,174,0,0
Time,forward,right,left_speed,right_speed
414302560,174,174,0,0
Time,forward,right,left_speed,right_speed
414308172,174,174,0,0
Time,forward,right,left_speed,right_speed
414313780,174,174,0,0
Time,forward,right,left_speed,right_speed
414319392,174,174,0,0
Time,forward,right,left_speed,right_speed
414325000,174,174,0,0
Time,forward,right,left_speed,right_speed
414330612,174,174,0,0
Time,forward,right,left_speed,right_speed
414336220,174,174,0,0
Time,forward,right,left_speed,right_speed
414341832,174,174,0,0
Time,forward,right,left_speed,right_speed
414347440,174,174,0,0
Time,forward,right,left_speed,right_speed
414353052,174,174,0,0
Time,forward,right,left_speed,right_speed
414358660,174,174,0,0
Time,forward,right,left_speed,right_speed
414364272,174,174,0,0
Time,forward,right,left_speed,right_speed
414369880,174,174,0,0
Time,forward,right,left_speed,right_speed
414375492,174,174,0,0
Time,forward,right,left_speed,right_speed
414381100,174,174,0,0
Time,forward,right,left_speed,right_speed
414386712,174,174,0,0
Time,forward,right,left_speed,right_speed
414392328,174,174,0,0
Time,forward,right,left_speed,right_speed
414397932,174,174,0,0
Time,forward,right,left_speed,right_speed
414403540,174,174,0,0
Time,forward,right,left_speed,right_speed
414409152,174,174,0,0
Time,forward,right,left_speed,right_speed
414414760,174,174,0,0
Time,forward,right,left_speed,right_speed
414420372,174,174,0,0
Time,forward,right,left_speed,right_speed
414425980,174,174,0,0
Time,forward,right,left_speed,right_speed
414431592,174,174,0,0
Time,forward,right,left_speed,right_speed
414437200,174,174,0,0
Time,forward,right,left_speed,right_speed
414442812,174,174,0,0
Time,forward,right,left_speed,right_speed
414448420,174,174,0,0
Time,forward,right,left_speed,right_speed
414454032,174,174,0,0
Time,forward,right,left_speed,right_speed
414459640,174,174,0,0
Time,forward,right,left_speed,right_speed
414465252,174,174,0,0
Time,forward,right,left_speed,right_speed
414470860,174,174,0,0
Time,forward,right,left_speed,right_speed
414476472,174,174,0,0
Time,forward,right,left_speed,right_speed
414482080,174,174,0,0
Time,forward,right,left_speed,right_speed
414487692,174,174,0,0
Time,forward,right,left_speed,right_speed
414493300,174,174,0,0
Time,forward,right,left_speed,right_speed
414498912,174,174,0,0
Time,forward,right,left_speed,right_speed
414504520,174,174,0,0
Time,forward,right,left_speed,right_speed
414510132,174,174,0,0
Time,forward,right,left_speed,right_speed
414515740,174,174,0,0
Time,forward,right,left_speed,right_speed
414521356,174,174,0,0
Time,forward,right,left_speed,right_speed
414526960,174,174,0,0
Time,forward,right,left_speed,right_speed
414532572,174,174,0,0
Time,forward,right,left_speed,right_speed
414538180,174,174,0,0
Time,forward,right,left_speed,right_speed
414543792,174,174,0,0
Time,forward,right,left_speed,right_speed
414549400,174,174,0,0
Time,forward,right,left_speed,right_speed
414555012,174,174,0,0
Time,forward,right,left_speed,right_speed
414560620,174,174,0,0
Time,forward,right,left_speed,right_speed
414566232,174,174,0,0
Time,forward,right,left_speed,right_speed
414571840,174,174,0,0
Time,forward,right,left_speed,right_speed
414577452,174,174,0,0
Time,forward,right,left_speed,right_speed
414583060,174,174,0,0
Time,forward,right,left_speed,right_speed
414588672,174,174,0,0
Time,forward,right,left_speed,right_speed
414594280,174,174,0,0
Time,forward,right,left_speed,right_speed
414599892,174,174,0,0
Time,forward,right,left_speed,right_speed
414605500,174,174,0,0
Time,forward,right,left_speed,right_speed
414611112,174,174,0,0
Time,forward,right,left_speed,right_speed
414616720,174,174,0,0
Time,forward,right,left_speed,right_speed
414622332,174,174,0,0
Time,forward,right,left_speed,right_speed
414627940,174,174,0,0
Time,forward,right,left_speed,right_speed
414633552,174,174,0,0
Time,forward,right,left_speed,right_speed
414639160,174,174,0,0
Time,forward,right,left_speed,right_speed
414644772,174,174,0,0
Time,forward,right,left_speed,right_speed
414650388,174,174,0,0
Time,forward,right,left_speed,right_speed
414655992,174,174,0,0
Time,forward,right,left_speed,right_speed
414661600,174,174,0,0
Time,forward,right,left_speed,right_speed
414667212,174,174,0,0
Time,forward,right,left_speed,right_speed
414672820,174,174,0,0
Time,forward,right,left_speed,right_speed
414678432,174,174,0,0
Time,forward,right,left_speed,right_speed
414684040,174,174,0,0
Time,forward,right,left_speed,right_speed
414689652,174,174,0,0
Time,forward,right,left_speed,right_speed
414695260,174,174,0,0
Time,forward,right,left_speed,right_speed
414700872,174,174,0,0
Time,forward,right,left_speed,right_speed
414706480,174,174,0,0
Time,forward,right,left_speed,right_speed
414712092,174,174,0,0
Time,forward,right,left_speed,right_speed
414717700,174,174,0,0
Time,forward,right,left_speed,right_speed
414723312,174,174,0,0
Time,forward,right,left_speed,right_speed
414728920,174,174,0,0
Time,forward,right,left_speed,right_speed
414734532,174,174,0,0
Time,forward,right,left_speed,right_speed
414740140,174,174,0,0
Time,forward,right,left_speed,right_speed
414745752,174,174,0,0
Time,forward,right,left_speed,right_speed
414751360,174,174,0,0
Time,forward,right,left_speed,right_speed
414756972,174,174,0,0
Time,forward,right,left_speed,right_speed
414762580,174,174,0,0
Time,forward,right,left_speed,right_speed
414768192,174,174,0,0
Time,forward,right,left_speed,right_speed
414773800,174,174,0,0
Time,forward,right,left_speed,right_speed
414779412,174,174,0,0
Time,forward,right,left_speed,right_speed
414785020,174,174,0,0
Time,forward,right,left_speed,right_speed
414790632,174,174,0,0
Time,forward,right,left_speed,right_speed
414796240,174,174,0,0
Time,forward,right,left_speed,right_speed
414801852,174,174,0,0
Time,forward,right,left_speed,right_speed
414807460,174,174,0,0
Time,forward,right,left_speed,right_speed
414813072,174,174,0,0
Time,forward,right,left_speed,right_speed
414818680,174,174,0,0
Time,forward,right,left_speed,right_speed
414824292,174,174,0,0
Time,forward,right,left_speed,right_speed
414829900,174,174,0,0
Time,forward,right,left_speed,right_speed
414835512,174,174,0,0
Time,forward,right,left_speed,right_speed
414841120,174,174,0,0
Time,forward,right,left_speed,right_speed
414846732,174,174,0,0
Time,forward,right,left_speed,right_speed
414852340,174,174,0,0
Time,forward,right,left_speed,right_speed
414857952,174,174,0,0
Time,forward,right,left_speed,right_speed
414863560,174,174,0,0
Time,forward,right,left_speed,right_speed
414869172,174,174,0,0
Time,forward,right,left_speed,right_speed
414874780,174,174,0,0
Time,forward,right,left_speed,right_speed
414880392,174,174,0,0
Time,forward,right,left_speed,right_speed
414886000,174,174,0,0
Time,forward,right,left_speed,right_speed
414891612,174,174,0,0
Time,forward,right,left_speed,right_speed
414897220,174,174,0,0
Time,forward,right,left_speed,right_speed
414902832,174,174,0,0
Time,forward,right,left_speed,right_speed
414908440,174,174,0,0
Time,forward,right,left_speed,right_speed
414914052,174,174,0,0
Time,forward,right,left_speed,right_speed
414919660,174,174,0,0
Time,forward,right,left_speed,right_speed
414925272,174,174,0,0
Time,forward,right,left_speed,right_speed
414930880,174,174,0,0
Time,forward,right,left_speed,right_speed
414936492,174,174,0,0
Time,forward,right,left_speed,right_speed
414942100,174,174,0,0
Time,forward,right,left_speed,right_speed
414947712,174,174,0,0
Time,forward,right,left_speed,right_speed
414953320,174,174,0,0
Time,forward,right,left_speed,right_speed
414958932,174,174,0,0
Time,forward,right,left_speed,right_speed
414964540,174,174,0,0
Time,forward,right,left_speed,right_speed
414970152,174,174,0,0
Time,forward,right,left_speed,right_speed
414975760,174,174,0,0
Time,forward,right,left_speed,right_speed
414981372,174,174,0,0
Time,forward,right,left_speed,right_speed
414986980,174,174,0,0
Time,forward,right,left_speed,right_speed
414992592,174,174,0,0
Time,forward,right,left_speed,right_speed
414998200,174,174,0,0
Time,forward,right,left_speed,right_speed
415003812,174,174,0,0
Time,forward,right,left_speed,right_speed
415009420,174,174,0,0
Time,forward,right,left_speed,right_speed
415015032,174,174,0,0
Time,forward,right,left_speed,right_speed
415020640,174,174,0,0
Time,forward,right,left_speed,right_speed
415026252,174,174,0,0
Time,forward,right,left_speed,right_speed
415031860,174,174,0,0
Time,forward,right,left_speed,right_speed
415037472,174,174,0,0
Time,forward,right,left_speed,right_speed
415043080,174,174,0,0
Time,forward,right,left_speed,right_speed
415048692,174,174,0,0
Time,forward,right,left_speed,right_speed
415054300,174,174,0,0
Time,forward,right,left_speed,right_speed
415059912,174,174,0,0
Time,forward,right,left_speed,right_speed
415065520,174,174,0,0
Time,forward,right,left_speed,right_speed
415071132,174,174,0,0
Time,forward,right,left_speed,right_speed
415076740,174,174,0,0
Time,forward,right,left_speed,right_speed
415082352,174,174,0,0
Time,forward,right,left_speed,right_speed
415087960,174,174,0,0
Time,forward,right,left_speed,right_speed
415093572,174,174,0,0
Time,forward,right,left_speed,right_speed
415099180,174,174,0,0
Time,forward,right,left_speed,right_speed
415104792,174,174,0,0
Time,forward,right,left_speed,right_speed
415110400,174,174,0,0
Time,forward,right,left_speed,right_speed
415116012,174,174,0,0
Time,forward,right,left_speed,right_speed
415121620,174,174,0,0
Time,forward,right,left_speed,right_speed
415127232,174,174,0,0
Time,forward,right,left_speed,right_speed
415132840,174,174,0,0
Time,forward,right,left_speed,right_speed
415138452,174,174,0,0
Time,forward,right,left_speed,right_speed
415144060,174,174,0,0
Time,forward,right,left_speed,right_speed
415149672,174,174,0,0
Time,forward,right,left_speed,right_speed
415155280,174,174,0,0
Time,forward,right,left_speed,right_speed
415160892,174,174,0,0
Time,forward,right,left_speed,right_speed
415166500,174,174,0,0
Time,forward,right,left_speed,right_speed
415172112,174,174,0,0
Time,forward,right,left_speed,right_speed
415177720,174,174,0,0
Time,forward,right,left_speed,right_speed
415183332,174,174,0,0
Time,forward,right,left_speed,right_speed
415188940,174,174,0,0
Time,forward,right,left_speed,right_speed
415194552,174,174,0,0
Time,forward,right,left_speed,right_speed
415200160,174,174,0,0
Time,forward,right,left_speed,right_speed
415205772,174,174,0,0
Time,forward,right,left_speed,right_speed
415211380,174,174,0,0
Time,forward,right,left_speed,right_speed
415216992,174,174,0,0
Time,forward,right,left_speed,right_speed
415222600,174,174,0,0
Time,forward,right,left_speed,right_speed
415228212,174,174,0,0
Time,forward,right,left_speed,right_speed
415233820,174,174,0,0
Time,forward,right,left_speed,right_speed
415239432,174,174,0,0
Time,forward,right,left_speed,right_speed
415245040,174,174,0,0
Time,forward,right,left_speed,right_speed
415250652,174,174,0,0
Time,forward,right,left_speed,right_speed
415256260,174,174,0,0
Time,forward,right,left_speed,right_speed
415261872,174,174,0,0
Time,forward,right,left_speed,right_speed
415267480,174,174,0,0
Time,forward,right,left_speed,right_speed
415273092,174,174,0,0
Time,forward,right,left_speed,right_speed
415278700,174,174,0,0
Time,forward,right,left_speed,right_speed
415284312,174,174,0,0
Time,forward,right,left_speed,right_speed
415289920,174,174,0,0
Time,forward,right,left_speed,right_speed
415295532,174,174,0,0
Time,forward,right,left_speed,right_speed
415301140,174,174,0,0
Time,forward,right,left_speed,right_speed
415306756,174,174,0,0
Time,forward,right,left_speed,right_speed
415312360,174,174,0,0
Time,forward,right,left_speed,right_speed
415317972,174,174,0,0
Time,forward,right,left_speed,right_speed
415323580,174,174,0,0
Time,forward,right,left_speed,right_speed
415329192,174,174,0,0
Time,forward,right,left_speed,right_speed
415334800,174,174,0,0
Time,forward,right,left_speed,right_speed
415340412,174,174,0,0
Time,forward,right,left_speed,right_speed
415346020,174,174,0,0
Time,forward,right,left_speed,right_speed
415351632,174,174,0,0
Time,forward,right,left_speed,right_speed
415357240,174,174,0,0
Time,forward,right,left_speed,right_speed
415362852,174,174,0,0
Time,forward,right,left_speed,right_speed
415368460,174,174,0,0
Time,forward,right,left_speed,right_speed
415374072,174,174,0,0
Time,forward,right,left_speed,right_speed
415379680,174,174,0,0
Time,forward,right,left_speed,right_speed
415385292,174,174,0,0
Time,forward,right,left_speed,right_speed
415390900,174,174,0,0
Time,forward,right,left_speed,right_speed
415396512,174,174,0,0
Time,forward,right,left_speed,right_speed
415402120,174,174,0,0
Time,forward,right,left_speed,right_speed
415407732,174,174,0,0
Time,forward,right,left_speed,right_speed
415413340,174,174,0,0
Time,forward,right,left_speed,right_speed
415418952,174,174,0,0
Time,forward,right,left_speed,right_speed
415424560,174,174,0,0
Time,forward,right,left_speed,right_speed
415430172,174,174,0,0
Time,forward,right,left_speed,right_speed
415435788,174,174,0,0
Time,forward,right,left_speed,right_speed
415441392,174,174,0,0
Time,forward,right,left_speed,right_speed
415447000,174,174,0,0
Time,forward,right,left_speed,right_speed
415452612,174,174,0,0
Time,forward,right,left_speed,right_speed
415458220,174,174,0,0
Time,forward,right,left_speed,right_speed
415463832,174,174,0,0
Time,forward,right,left_speed,right_speed
415469440,174,174,0,0
Time,forward,right,left_speed,right_speed
415475052,174,174,0,0
Time,forward,right,left_speed,right_speed
415480660,174,174,0,0
Time,forward,right,left_speed,right_speed
415486272,174,174,0,0
Time,forward,right,left_speed,right_speed
415491880,174,174,0,0
Time,forward,right,left_speed,right_speed
415497492,174,174,0,0
Time,forward,right,left_speed,right_speed
415503100,174,174,0,0
Time,forward,right,left_speed,right_speed
415508712,174,174,0,0
Time,forward,right,left_speed,right_speed
415514320,174,174,0,0
Time,forward,right,left_speed,right_speed
415519932,174,174,0,0
Time,forward,right,left_speed,right_speed
415525540,174,174,0,0
